InvoiceYear,InvoiceMonth,LineRevenue
2010,12,572713.89
2011,1,569445.04
2011,2,447137.35
2011,3,595500.76
2011,4,469200.36
2011,5,678594.56
2011,6,661213.6900000001
2011,7,600091.01
2011,8,645343.9
2011,9,952838.38
2011,10,1039318.79
2011,11,1161817.3800000001
2011,12,518192.79
